"DESCRIPTION","DURATION IN MS","NAME","PARENT SUITE","START TIME","STATUS","STOP TIME","SUB SUITE","SUITE","TEST CLASS","TEST METHOD"
"","2205","Logo visible on login page","chromium","2026-10-03","passed","2026-10-03","","LoginPage.spec.ts","",""
"","6501","Invalid Login: Locked-out user","chromium","2026-10-03","passed","2026-10-03","","LoginPage.spec.ts","",""
"","7564","performance_glitch_user login succeeds despite delay","chromium","2026-10-03","passed","2026-10-03","","LoginPage.spec.ts","",""
"","4790","Invalid Login: Username is case-sensitive","chromium","2026-10-03","passed","2026-10-03","","LoginPage.spec.ts","",""
"","6659","Valid Login: standard user","chromium","2026-10-03","passed","2026-10-03","","LoginPage.spec.ts","",""
"","4087","Direct URL access when unauthenticated","chromium","2026-10-03","passed","2026-10-03","","LoginPage.spec.ts","",""
"","2231","Password field masks input","chromium","2026-10-03","passed","2026-10-03","","LoginPage.spec.ts","",""
"","5850","Logout","chromium","2026-10-03","passed","2026-10-03","","LoginPage.spec.ts","",""
"","3807","Dismiss error banner","chromium","2026-10-03","passed","2026-10-03","","LoginPage.spec.ts","",""
"","4273","Invalid Login: Empty password","chromium","2026-10-03","passed","2026-10-03","","LoginPage.spec.ts","",""
"","6599","Invalid Login: Invalid password","chromium","2026-10-03","passed","2026-10-03","","LoginPage.spec.ts","",""
"","3884","Invalid Login: Empty username and password","chromium","2026-10-03","passed","2026-10-03","","LoginPage.spec.ts","",""
"","5913","Invalid Login: Invalid username","chromium","2026-10-03","passed","2026-10-03","","LoginPage.spec.ts","",""
"","3266","problem_user can log in but displays the known duplicate image bug","chromium","2026-10-03","passed","2026-10-03","","LoginPage.spec.ts","",""
"","4323","Invalid Login: Empty username","chromium","2026-10-03","passed","2026-10-03","","LoginPage.spec.ts","",""
